Id,SleepDay,TotalSleepRecords,TotalMinutesAsleep,TotalTimeInBed,Duration_Score,Sleep_Efficiency,Efficiency_Score,Sleep_Score,SleepDate
1503960366,2016-04-12,1,327,346,54.5,0.9450867052023122,28.352601156069365,82.85260115606937,2016-04-12
1503960366,2016-04-13,2,384,407,64.0,0.9434889434889435,28.304668304668304,92.3046683046683,2016-04-13
1503960366,2016-04-15,1,412,442,68.66666666666666,0.9321266968325792,27.963800904977376,96.63046757164403,2016-04-15
1503960366,2016-04-16,2,340,367,56.666666666666664,0.9264305177111717,27.79291553133515,84.45958219800181,2016-04-16
1503960366,2016-04-17,1,700,712,43.333333333333336,0.9831460674157303,29.49438202247191,72.82771535580525,2016-04-17
1503960366,2016-04-19,1,304,320,50.666666666666664,0.95,28.5,79.16666666666666,2016-04-19
1503960366,2016-04-20,1,360,377,60.0,0.9549071618037135,28.647214854111404,88.64721485411141,2016-04-20
1503960366,2016-04-21,1,325,364,54.16666666666667,0.8928571428571429,26.78571428571429,80.95238095238096,2016-04-21
1503960366,2016-04-23,1,361,384,60.16666666666667,0.9401041666666666,28.203125,88.36979166666667,2016-04-23
1503960366,2016-04-24,1,430,449,70.0,0.9576837416481069,28.730512249443205,98.73051224944321,2016-04-24
1503960366,2016-04-25,1,277,323,46.166666666666664,0.8575851393188855,25.727554179566564,71.89422084623322,2016-04-25
1503960366,2016-04-26,1,245,274,40.833333333333336,0.8941605839416058,26.824817518248175,67.65815085158151,2016-04-26
1503960366,2016-04-28,1,366,393,61.0,0.9312977099236641,27.938931297709924,88.93893129770993,2016-04-28
1503960366,2016-04-29,1,341,354,56.833333333333336,0.963276836158192,28.89830508474576,85.7316384180791,2016-04-29
1503960366,2016-04-30,1,404,425,67.33333333333333,0.9505882352941176,28.517647058823528,95.85098039215686,2016-04-30
1503960366,2016-05-01,1,369,396,61.5,0.9318181818181818,27.954545454545453,89.45454545454545,2016-05-01
1503960366,2016-05-02,1,277,309,46.166666666666664,0.8964401294498382,26.893203883495147,73.0598705501618,2016-05-02
1503960366,2016-05-03,1,273,296,45.5,0.9222972972972973,27.66891891891892,73.16891891891892,2016-05-03
1503960366,2016-05-05,1,247,264,41.16666666666667,0.9356060606060606,28.068181818181817,69.23484848484848,2016-05-05
1503960366,2016-05-06,1,334,367,55.666666666666664,0.9100817438692098,27.302452316076295,82.96911898274296,2016-05-06
1503960366,2016-05-07,1,331,349,55.166666666666664,0.9484240687679083,28.45272206303725,83.61938872970391,2016-05-07
1503960366,2016-05-08,1,594,611,61.0,0.972176759410802,29.16530278232406,90.16530278232406,2016-05-08
1503960366,2016-05-09,1,338,342,56.333333333333336,0.9883040935672515,29.649122807017545,85.98245614035088,2016-05-09
1503960366,2016-05-10,1,383,403,63.83333333333333,0.9503722084367245,28.511166253101734,92.34449958643506,2016-05-10
1503960366,2016-05-11,1,285,306,47.5,0.9313725490196079,27.941176470588236,75.44117647058823,2016-05-11
1644430081,2016-04-29,1,119,127,19.833333333333332,0.937007874015748,28.11023622047244,47.94356955380577,2016-04-29
1644430081,2016-04-30,1,124,142,20.666666666666668,0.8732394366197183,26.197183098591548,46.863849765258216,2016-04-30
1644430081,2016-05-02,1,796,961,30.0,0.8283038501560874,24.849115504682622,54.84911550468262,2016-05-02
1644430081,2016-05-08,1,137,154,22.833333333333332,0.8896103896103896,26.68831168831169,49.52164502164502,2016-05-08
1844505072,2016-04-15,1,644,961,52.666666666666664,0.6701352757544224,20.104058272632674,72.77072493929934,2016-04-15
1844505072,2016-04-30,1,722,961,39.66666666666667,0.7513007284079084,22.53902185223725,62.205688518903926,2016-04-30
1844505072,2016-05-01,1,590,961,61.666666666666664,0.6139438085327783,18.41831425598335,80.08498092265002,2016-05-01
1927972279,2016-04-12,3,750,775,35.0,0.967741935483871,29.032258064516128,64.03225806451613,2016-04-12
1927972279,2016-04-13,1,398,422,66.33333333333333,0.943127962085308,28.29383886255924,94.62717219589257,2016-04-13
1927972279,2016-04-15,2,475,499,70.0,0.9519038076152304,28.55711422845691,98.55711422845691,2016-04-15
1927972279,2016-04-26,1,296,315,49.333333333333336,0.9396825396825397,28.19047619047619,77.52380952380952,2016-04-26
1927972279,2016-04-28,1,166,178,27.666666666666664,0.9325842696629213,27.977528089887638,55.6441947565543,2016-04-28
2026352035,2016-04-12,1,503,546,70.0,0.9212454212454212,27.637362637362635,97.63736263736263,2016-04-12
2026352035,2016-04-13,1,531,565,70.0,0.9398230088495575,28.194690265486724,98.19469026548673,2016-04-13
2026352035,2016-04-14,1,545,568,69.16666666666667,0.9595070422535211,28.785211267605632,97.9518779342723,2016-04-14
2026352035,2016-04-15,1,523,573,70.0,0.912739965095986,27.38219895287958,97.38219895287958,2016-04-15
2026352035,2016-04-16,1,524,567,70.0,0.9241622574955908,27.724867724867725,97.72486772486772,2016-04-16
2026352035,2016-04-17,1,437,498,70.0,0.8775100401606426,26.32530120481928,96.32530120481928,2016-04-17
2026352035,2016-04-19,1,498,540,70.0,0.9222222222222223,27.666666666666668,97.66666666666667,2016-04-19
2026352035,2016-04-20,1,461,510,70.0,0.903921568627451,27.11764705882353,97.11764705882354,2016-04-20
2026352035,2016-04-21,1,477,514,70.0,0.9280155642023347,27.84046692607004,97.84046692607004,2016-04-21
2026352035,2016-04-22,1,520,545,70.0,0.9541284403669725,28.623853211009177,98.62385321100918,2016-04-22
2026352035,2016-04-23,1,522,554,70.0,0.9422382671480144,28.267148014440433,98.26714801444044,2016-04-23
2026352035,2016-04-24,1,555,591,67.5,0.9390862944162437,28.17258883248731,95.6725888324873,2016-04-24
2026352035,2016-04-25,1,506,531,70.0,0.9529190207156308,28.587570621468924,98.58757062146893,2016-04-25
2026352035,2016-04-27,1,508,545,70.0,0.9321100917431193,27.96330275229358,97.96330275229357,2016-04-27
2026352035,2016-04-28,1,513,545,70.0,0.9412844036697248,28.238532110091743,98.23853211009174,2016-04-28
2026352035,2016-04-29,1,490,510,70.0,0.9607843137254902,28.823529411764707,98.82352941176471,2016-04-29
2026352035,2016-04-30,1,573,607,64.5,0.943986820428336,28.319604612850082,92.81960461285009,2016-04-30
2026352035,2016-05-01,1,527,546,70.0,0.9652014652014652,28.956043956043956,98.95604395604396,2016-05-01
2026352035,2016-05-02,1,511,543,70.0,0.9410681399631676,28.23204419889503,98.23204419889503,2016-05-02
2026352035,2016-05-04,1,538,560,70.0,0.9607142857142857,28.821428571428573,98.82142857142857,2016-05-04
2026352035,2016-05-05,1,468,485,70.0,0.9649484536082474,28.948453608247423,98.94845360824742,2016-05-05
2026352035,2016-05-06,1,524,548,70.0,0.9562043795620438,28.686131386861316,98.68613138686132,2016-05-06
2026352035,2016-05-07,1,511,521,70.0,0.980806142034549,29.42418426103647,99.42418426103647,2016-05-07
2026352035,2016-05-08,1,541,568,69.83333333333333,0.9524647887323944,28.573943661971832,98.40727699530515,2016-05-08
2026352035,2016-05-09,1,531,556,70.0,0.9550359712230215,28.651079136690647,98.65107913669064,2016-05-09
2026352035,2016-05-10,1,357,380,59.5,0.9394736842105263,28.18421052631579,87.6842105263158,2016-05-10
2026352035,2016-05-11,1,523,553,70.0,0.945750452079566,28.37251356238698,98.37251356238698,2016-05-11
2026352035,2016-05-12,1,456,485,70.0,0.9402061855670103,28.20618556701031,98.20618556701031,2016-05-12
2320127002,2016-04-23,1,61,69,10.166666666666668,0.8840579710144928,26.521739130434785,36.68840579710145,2016-04-23
2347167796,2016-04-13,1,467,531,70.0,0.879472693032015,26.38418079096045,96.38418079096044,2016-04-13
2347167796,2016-04-14,1,445,489,70.0,0.9100204498977505,27.300613496932517,97.30061349693251,2016-04-14
2347167796,2016-04-15,1,452,504,70.0,0.8968253968253969,26.904761904761905,96.9047619047619,2016-04-15
2347167796,2016-04-17,1,556,602,67.33333333333333,0.9235880398671097,27.70764119601329,95.04097452934661,2016-04-17
2347167796,2016-04-18,1,500,557,70.0,0.8976660682226212,26.929982046678635,96.92998204667863,2016-04-18
2347167796,2016-04-19,1,465,514,70.0,0.9046692607003891,27.140077821011673,97.14007782101167,2016-04-19
2347167796,2016-04-21,1,460,484,70.0,0.9504132231404959,28.51239669421488,98.51239669421489,2016-04-21
2347167796,2016-04-22,1,405,461,67.5,0.8785249457700651,26.355748373101953,93.85574837310196,2016-04-22
2347167796,2016-04-23,1,374,386,62.33333333333333,0.9689119170984456,29.067357512953368,91.4006908462867,2016-04-23
2347167796,2016-04-24,1,442,459,70.0,0.9629629629629629,28.888888888888886,98.88888888888889,2016-04-24
2347167796,2016-04-25,1,433,471,70.0,0.9193205944798302,27.579617834394906,97.57961783439491,2016-04-25
2347167796,2016-04-26,1,436,490,70.0,0.889795918367347,26.693877551020407,96.6938775510204,2016-04-26
2347167796,2016-04-27,1,448,499,70.0,0.8977955911823647,26.93386773547094,96.93386773547094,2016-04-27
2347167796,2016-04-28,1,408,450,68.0,0.9066666666666666,27.2,95.2,2016-04-28
2347167796,2016-04-29,1,411,473,68.5,0.86892177589852,26.0676532769556,94.5676532769556,2016-04-29
3977333714,2016-04-12,1,274,469,45.666666666666664,0.5842217484008528,17.526652452025584,63.193319118692244,2016-04-12
3977333714,2016-04-13,2,295,456,49.166666666666664,0.6469298245614035,19.407894736842103,68.57456140350877,2016-04-13
3977333714,2016-04-14,1,291,397,48.5,0.7329974811083123,21.98992443324937,70.48992443324937,2016-04-14
3977333714,2016-04-15,1,424,556,70.0,0.762589928057554,22.87769784172662,92.87769784172662,2016-04-15
3977333714,2016-04-16,1,283,510,47.16666666666667,0.5549019607843138,16.647058823529413,63.813725490196084,2016-04-16
3977333714,2016-04-17,1,381,566,63.5,0.6731448763250883,20.19434628975265,83.69434628975264,2016-04-17
3977333714,2016-04-18,2,412,522,68.66666666666666,0.789272030651341,23.67816091954023,92.34482758620689,2016-04-18
3977333714,2016-04-19,1,219,395,36.5,0.5544303797468354,16.632911392405063,53.13291139240506,2016-04-19
3977333714,2016-04-20,2,152,305,25.333333333333332,0.49836065573770494,14.950819672131148,40.28415300546448,2016-04-20
3977333714,2016-04-21,1,332,512,55.33333333333333,0.6484375,19.453125,74.78645833333333,2016-04-21
3977333714,2016-04-22,1,355,476,59.166666666666664,0.7457983193277311,22.373949579831933,81.5406162464986,2016-04-22
3977333714,2016-04-23,1,235,372,39.166666666666664,0.6317204301075269,18.951612903225808,58.11827956989247,2016-04-23
3977333714,2016-04-24,1,310,526,51.66666666666667,0.5893536121673004,17.680608365019012,69.34727503168568,2016-04-24
3977333714,2016-04-25,1,262,467,43.666666666666664,0.5610278372591007,16.83083511777302,60.497501784439685,2016-04-25
3977333714,2016-04-26,1,250,371,41.666666666666664,0.6738544474393531,20.21563342318059,61.882300089847256,2016-04-26
3977333714,2016-04-27,1,349,540,58.16666666666667,0.6462962962962963,19.38888888888889,77.55555555555556,2016-04-27
3977333714,2016-04-28,1,261,423,43.5,0.6170212765957447,18.51063829787234,62.01063829787234,2016-04-28
3977333714,2016-04-29,1,333,478,55.5,0.696652719665272,20.89958158995816,76.39958158995816,2016-04-29
3977333714,2016-04-30,1,237,382,39.5,0.6204188481675392,18.612565445026178,58.11256544502618,2016-04-30
3977333714,2016-05-01,1,383,626,63.83333333333333,0.6118210862619808,18.354632587859424,82.18796592119276,2016-05-01
3977333714,2016-05-02,1,230,384,38.333333333333336,0.5989583333333334,17.96875,56.302083333333336,2016-05-02
3977333714,2016-05-03,1,292,500,48.666666666666664,0.584,17.52,66.18666666666667,2016-05-03
3977333714,2016-05-04,1,213,336,35.5,0.6339285714285714,19.017857142857142,54.51785714285714,2016-05-04
3977333714,2016-05-05,1,318,480,53.0,0.6625,19.875,72.875,2016-05-05
3977333714,2016-05-06,1,323,512,53.833333333333336,0.630859375,18.92578125,72.75911458333334,2016-05-06
3977333714,2016-05-07,1,237,443,39.5,0.5349887133182845,16.049661399548533,55.54966139954853,2016-05-07
3977333714,2016-05-08,2,259,456,43.16666666666667,0.5679824561403509,17.039473684210527,60.2061403508772,2016-05-08
3977333714,2016-05-10,1,312,452,52.0,0.6902654867256637,20.70796460176991,72.7079646017699,2016-05-10
4020332650,2016-04-12,1,501,541,70.0,0.9260628465804066,27.781885397412196,97.7818853974122,2016-04-12
4020332650,2016-04-16,1,77,77,12.833333333333332,1.0,30.0,42.83333333333333,2016-04-16
4020332650,2016-05-03,1,322,332,53.66666666666667,0.9698795180722891,29.096385542168672,82.76305220883535,2016-05-03
4020332650,2016-05-04,1,478,536,70.0,0.8917910447761194,26.75373134328358,96.75373134328358,2016-05-04
4020332650,2016-05-05,1,226,248,37.666666666666664,0.9112903225806451,27.338709677419352,65.00537634408602,2016-05-05
4020332650,2016-05-06,1,385,408,64.16666666666666,0.9436274509803921,28.308823529411764,92.47549019607843,2016-05-06
4020332650,2016-05-08,1,364,402,60.66666666666667,0.9054726368159204,27.16417910447761,87.83084577114428,2016-05-08
4020332650,2016-05-10,1,442,494,70.0,0.8947368421052632,26.842105263157894,96.84210526315789,2016-05-10
4319703577,2016-04-14,1,535,557,70.0,0.9605026929982047,28.81508078994614,98.81508078994614,2016-04-14
4319703577,2016-04-15,1,465,491,70.0,0.9470468431771895,28.411405295315685,98.41140529531569,2016-04-15
4319703577,2016-04-16,1,506,522,70.0,0.9693486590038314,29.080459770114942,99.08045977011494,2016-04-16
4319703577,2016-04-18,1,515,551,70.0,0.9346642468239564,28.039927404718693,98.0399274047187,2016-04-18
4319703577,2016-04-19,2,461,498,70.0,0.9257028112449799,27.771084337349397,97.7710843373494,2016-04-19
4319703577,2016-04-20,1,523,543,70.0,0.9631675874769797,28.895027624309392,98.89502762430939,2016-04-20
4319703577,2016-04-21,1,59,65,9.833333333333334,0.9076923076923077,27.23076923076923,37.06410256410256,2016-04-21
4319703577,2016-04-22,1,533,550,70.0,0.9690909090909091,29.072727272727274,99.07272727272728,2016-04-22
4319703577,2016-04-23,1,692,722,44.66666666666667,0.9584487534626038,28.753462603878116,73.42012927054479,2016-04-23
4319703577,2016-04-24,1,467,501,70.0,0.9321357285429142,27.964071856287426,97.96407185628743,2016-04-24
4319703577,2016-04-25,1,488,506,70.0,0.9644268774703557,28.932806324110672,98.93280632411067,2016-04-25
4319703577,2016-04-26,1,505,516,70.0,0.9786821705426356,29.36046511627907,99.36046511627907,2016-04-26
4319703577,2016-04-27,1,286,307,47.66666666666667,0.9315960912052117,27.94788273615635,75.61454940282303,2016-04-27
4319703577,2016-04-28,1,497,522,70.0,0.9521072796934866,28.5632183908046,98.5632183908046,2016-04-28
4319703577,2016-04-29,1,523,546,70.0,0.9578754578754579,28.736263736263737,98.73626373626374,2016-04-29
4319703577,2016-04-30,1,490,516,70.0,0.9496124031007752,28.488372093023255,98.48837209302326,2016-04-30
4319703577,2016-05-01,1,484,500,70.0,0.968,29.04,99.03999999999999,2016-05-01
4319703577,2016-05-02,1,478,506,70.0,0.9446640316205533,28.3399209486166,98.3399209486166,2016-05-02
4319703577,2016-05-03,1,474,512,70.0,0.92578125,27.7734375,97.7734375,2016-05-03
4319703577,2016-05-06,1,450,491,70.0,0.9164969450101833,27.4949083503055,97.49490835030551,2016-05-06
4319703577,2016-05-07,1,507,530,70.0,0.9566037735849057,28.69811320754717,98.69811320754717,2016-05-07
4319703577,2016-05-08,1,602,638,59.666666666666664,0.9435736677115988,28.307210031347964,87.97387669801464,2016-05-08
4319703577,2016-05-09,1,535,565,70.0,0.9469026548672567,28.4070796460177,98.4070796460177,2016-05-09
4319703577,2016-05-10,1,487,517,70.0,0.941972920696325,28.25918762088975,98.25918762088975,2016-05-10
4319703577,2016-05-11,1,529,558,70.0,0.9480286738351255,28.440860215053764,98.44086021505376,2016-05-11
4319703577,2016-05-12,1,302,321,50.333333333333336,0.940809968847352,28.22429906542056,78.5576323987539,2016-05-12
4388161847,2016-04-15,1,499,526,70.0,0.9486692015209125,28.460076045627375,98.46007604562737,2016-04-15
4388161847,2016-04-16,2,426,448,70.0,0.9508928571428571,28.52678571428571,98.52678571428571,2016-04-16
4388161847,2016-04-17,2,619,641,56.833333333333336,0.9656786271450858,28.970358814352572,85.80369214768591,2016-04-17
4388161847,2016-04-18,1,99,104,16.5,0.9519230769230769,28.557692307692307,45.05769230769231,2016-04-18
4388161847,2016-04-19,1,329,338,54.833333333333336,0.9733727810650887,29.20118343195266,84.034516765286,2016-04-19
4388161847,2016-04-20,1,421,451,70.0,0.9334811529933481,28.004434589800443,98.00443458980044,2016-04-20
4388161847,2016-04-21,1,442,458,70.0,0.9650655021834061,28.951965065502183,98.95196506550218,2016-04-21
4388161847,2016-04-22,1,82,85,13.666666666666666,0.9647058823529412,28.941176470588236,42.6078431372549,2016-04-22
4388161847,2016-04-23,1,478,501,70.0,0.9540918163672655,28.622754491017965,98.62275449101796,2016-04-23
4388161847,2016-04-24,3,552,595,68.0,0.9277310924369748,27.831932773109244,95.83193277310924,2016-04-24
4388161847,2016-04-26,1,319,346,53.166666666666664,0.9219653179190751,27.658959537572255,80.82562620423892,2016-04-26
4388161847,2016-04-27,1,439,500,70.0,0.878,26.34,96.34,2016-04-27
4388161847,2016-04-28,1,428,458,70.0,0.9344978165938864,28.034934497816593,98.0349344978166,2016-04-28
4388161847,2016-04-30,2,409,430,68.16666666666667,0.9511627906976744,28.53488372093023,96.70155038759691,2016-04-30
4388161847,2016-05-01,1,547,597,68.83333333333333,0.916247906197655,27.48743718592965,96.32077051926298,2016-05-01
4388161847,2016-05-02,2,368,376,61.333333333333336,0.9787234042553191,29.361702127659573,90.69503546099291,2016-05-02
4388161847,2016-05-04,1,390,414,65.0,0.9420289855072463,28.26086956521739,93.26086956521739,2016-05-04
4388161847,2016-05-05,1,471,495,70.0,0.9515151515151515,28.545454545454547,98.54545454545455,2016-05-05
4388161847,2016-05-07,1,472,496,70.0,0.9516129032258065,28.548387096774196,98.54838709677419,2016-05-07
4388161847,2016-05-08,2,529,541,70.0,0.977818853974122,29.33456561922366,99.33456561922367,2016-05-08
4388161847,2016-05-09,1,62,65,10.333333333333334,0.9538461538461539,28.615384615384617,38.94871794871795,2016-05-09
4388161847,2016-05-10,1,354,375,59.0,0.944,28.32,87.32,2016-05-10
4388161847,2016-05-11,1,469,494,70.0,0.9493927125506073,28.48178137651822,98.48178137651823,2016-05-11
4445114986,2016-04-12,2,429,457,70.0,0.9387308533916849,28.161925601750546,98.16192560175054,2016-04-12
4445114986,2016-04-13,2,370,406,61.666666666666664,0.9113300492610837,27.339901477832512,89.00656814449917,2016-04-13
4445114986,2016-04-14,1,441,492,70.0,0.8963414634146342,26.890243902439025,96.89024390243902,2016-04-14
4445114986,2016-04-15,2,337,379,56.16666666666667,0.8891820580474934,26.6754617414248,82.84212840809147,2016-04-15
4445114986,2016-04-16,1,462,499,70.0,0.9258517034068137,27.77555110220441,97.77555110220442,2016-04-16
4445114986,2016-04-17,1,98,107,16.333333333333332,0.9158878504672897,27.476635514018692,43.809968847352025,2016-04-17
4445114986,2016-04-19,2,388,424,64.66666666666667,0.9150943396226415,27.452830188679247,92.11949685534591,2016-04-19
4445114986,2016-04-20,1,439,462,70.0,0.9502164502164502,28.506493506493506,98.50649350649351,2016-04-20
4445114986,2016-04-21,1,436,469,70.0,0.929637526652452,27.88912579957356,97.88912579957356,2016-04-21
4445114986,2016-04-22,1,388,417,64.66666666666667,0.9304556354916067,27.913669064748202,92.58033573141488,2016-04-22
4445114986,2016-04-25,1,328,345,54.666666666666664,0.9507246376811594,28.521739130434785,83.18840579710145,2016-04-25
4445114986,2016-04-26,2,353,391,58.833333333333336,0.9028132992327366,27.084398976982097,85.91773231031543,2016-04-26
4445114986,2016-04-27,1,332,374,55.33333333333333,0.8877005347593583,26.63101604278075,81.96434937611409,2016-04-27
4445114986,2016-04-28,1,419,442,69.83333333333333,0.9479638009049773,28.43891402714932,98.27224736048265,2016-04-28
4445114986,2016-04-29,1,106,108,17.666666666666664,0.9814814814814815,29.444444444444446,47.111111111111114,2016-04-29
4445114986,2016-04-30,1,322,353,53.66666666666667,0.9121813031161473,27.36543909348442,81.0321057601511,2016-04-30
4445114986,2016-05-01,2,439,459,70.0,0.9564270152505446,28.692810457516337,98.69281045751634,2016-05-01
4445114986,2016-05-02,1,502,542,70.0,0.9261992619926199,27.785977859778598,97.7859778597786,2016-05-02
4445114986,2016-05-03,2,417,450,69.5,0.9266666666666666,27.8,97.3,2016-05-03
4445114986,2016-05-04,2,337,363,56.16666666666667,0.928374655647383,27.85123966942149,84.01790633608816,2016-05-04
4445114986,2016-05-05,2,462,513,70.0,0.9005847953216374,27.01754385964912,97.01754385964912,2016-05-05
4445114986,2016-05-06,2,374,402,62.33333333333333,0.9303482587064676,27.91044776119403,90.24378109452735,2016-05-06
4445114986,2016-05-07,2,401,436,66.83333333333334,0.9197247706422018,27.591743119266056,94.4250764525994,2016-05-07
4445114986,2016-05-08,1,361,391,60.16666666666667,0.9232736572890026,27.69820971867008,87.86487638533674,2016-05-08
4445114986,2016-05-09,1,457,533,70.0,0.8574108818011257,25.72232645403377,95.72232645403378,2016-05-09
4445114986,2016-05-10,1,405,426,67.5,0.9507042253521126,28.52112676056338,96.02112676056338,2016-05-10
4445114986,2016-05-11,1,499,530,70.0,0.9415094339622642,28.245283018867926,98.24528301886792,2016-05-11
4445114986,2016-05-12,1,483,501,70.0,0.9640718562874252,28.922155688622755,98.92215568862275,2016-05-12
4558609924,2016-04-21,1,126,137,21.0,0.9197080291970803,27.59124087591241,48.591240875912405,2016-04-21
4558609924,2016-04-26,1,103,121,17.166666666666664,0.8512396694214877,25.537190082644628,42.70385674931129,2016-04-26
4558609924,2016-04-29,1,171,179,28.5,0.9553072625698324,28.659217877094974,57.159217877094974,2016-04-29
4558609924,2016-05-01,1,115,129,19.166666666666668,0.8914728682170543,26.74418604651163,45.9108527131783,2016-05-01
4558609924,2016-05-08,1,123,134,20.5,0.917910447761194,27.53731343283582,48.037313432835816,2016-05-08
4702921684,2016-04-12,1,425,439,70.0,0.9681093394077449,29.043280182232348,99.04328018223235,2016-04-12
4702921684,2016-04-13,2,400,430,66.66666666666666,0.9302325581395349,27.906976744186046,94.5736434108527,2016-04-13
4702921684,2016-04-14,1,384,415,64.0,0.9253012048192771,27.759036144578314,91.75903614457832,2016-04-14
4702921684,2016-04-15,1,253,257,42.166666666666664,0.9844357976653697,29.53307392996109,71.69974059662775,2016-04-15
4702921684,2016-04-16,2,382,406,63.666666666666664,0.9408866995073891,28.226600985221673,91.89326765188834,2016-04-16
4702921684,2016-04-17,1,591,612,61.5,0.9656862745098039,28.97058823529412,90.47058823529412,2016-04-17
4702921684,2016-04-18,1,293,312,48.83333333333333,0.9391025641025641,28.173076923076923,77.00641025641025,2016-04-18
4702921684,2016-04-19,1,457,487,70.0,0.9383983572895277,28.151950718685832,98.15195071868584,2016-04-19
4702921684,2016-04-20,1,454,468,70.0,0.9700854700854701,29.102564102564102,99.1025641025641,2016-04-20
4702921684,2016-04-21,1,425,434,70.0,0.9792626728110599,29.377880184331797,99.3778801843318,2016-04-21
4702921684,2016-04-23,1,465,475,70.0,0.9789473684210527,29.36842105263158,99.36842105263158,2016-04-23
4702921684,2016-04-24,1,480,506,70.0,0.9486166007905138,28.458498023715414,98.4584980237154,2016-04-24
4702921684,2016-04-25,1,370,380,61.666666666666664,0.9736842105263158,29.210526315789476,90.87719298245614,2016-04-25
4702921684,2016-04-26,1,421,429,70.0,0.9813519813519813,29.44055944055944,99.44055944055944,2016-04-26
4702921684,2016-04-27,1,432,449,70.0,0.9621380846325167,28.8641425389755,98.8641425389755,2016-04-27
4702921684,2016-04-28,1,442,461,70.0,0.9587852494577006,28.763557483731017,98.76355748373102,2016-04-28
4702921684,2016-04-29,1,433,447,70.0,0.9686800894854586,29.06040268456376,99.06040268456375,2016-04-29
4702921684,2016-04-30,1,479,501,70.0,0.9560878243512974,28.682634730538922,98.68263473053892,2016-04-30
4702921684,2016-05-03,1,327,373,54.5,0.8766756032171582,26.300268096514746,80.80026809651474,2016-05-03
4702921684,2016-05-04,1,412,434,68.66666666666666,0.9493087557603687,28.47926267281106,97.14592933947772,2016-05-04
4702921684,2016-05-05,1,414,428,69.0,0.9672897196261683,29.01869158878505,98.01869158878505,2016-05-05
4702921684,2016-05-06,1,404,449,67.33333333333333,0.8997772828507795,26.993318485523385,94.32665181885672,2016-05-06
4702921684,2016-05-07,1,520,543,70.0,0.9576427255985267,28.7292817679558,98.7292817679558,2016-05-07
4702921684,2016-05-09,1,435,458,70.0,0.9497816593886463,28.49344978165939,98.4934497816594,2016-05-09
4702921684,2016-05-10,1,416,431,69.33333333333334,0.9651972157772621,28.955916473317863,98.28924980665121,2016-05-10
4702921684,2016-05-11,1,354,366,59.0,0.9672131147540983,29.01639344262295,88.01639344262296,2016-05-11
4702921684,2016-05-12,1,404,442,67.33333333333333,0.9140271493212669,27.420814479638008,94.75414781297134,2016-05-12
5553957443,2016-04-12,1,441,464,70.0,0.9504310344827587,28.51293103448276,98.51293103448276,2016-04-12
5553957443,2016-04-13,2,455,488,70.0,0.9323770491803278,27.971311475409834,97.97131147540983,2016-04-13
5553957443,2016-04-14,1,357,418,59.5,0.854066985645933,25.62200956937799,85.122009569378,2016-04-14
5553957443,2016-04-15,1,377,409,62.833333333333336,0.921760391198044,27.65281173594132,90.48614506927466,2016-04-15
5553957443,2016-04-16,2,651,686,51.5,0.9489795918367347,28.46938775510204,79.96938775510205,2016-04-16
5553957443,2016-04-17,1,350,402,58.333333333333336,0.8706467661691543,26.11940298507463,84.45273631840797,2016-04-17
5553957443,2016-04-18,2,520,541,70.0,0.9611829944547134,28.835489833641404,98.8354898336414,2016-04-18
5553957443,2016-04-19,1,357,410,59.5,0.8707317073170732,26.121951219512194,85.6219512195122,2016-04-19
5553957443,2016-04-20,1,658,678,50.333333333333336,0.9705014749262537,29.115044247787612,79.44837758112095,2016-04-20
5553957443,2016-04-21,1,399,431,66.5,0.925754060324826,27.77262180974478,94.27262180974478,2016-04-21
5553957443,2016-04-22,1,322,353,53.66666666666667,0.9121813031161473,27.36543909348442,81.0321057601511,2016-04-22
5553957443,2016-04-23,2,631,725,54.833333333333336,0.8703448275862069,26.110344827586207,80.94367816091955,2016-04-23
5553957443,2016-04-24,2,553,640,67.83333333333333,0.8640625,25.921875,93.75520833333333,2016-04-24
5553957443,2016-04-25,1,433,468,70.0,0.9252136752136753,27.75641025641026,97.75641025641026,2016-04-25
5553957443,2016-04-26,1,412,453,68.66666666666666,0.9094922737306843,27.28476821192053,95.95143487858718,2016-04-26
5553957443,2016-04-27,1,347,391,57.83333333333333,0.887468030690537,26.624040920716112,84.45737425404944,2016-04-27
5553957443,2016-04-28,1,421,457,70.0,0.9212253829321663,27.63676148796499,97.63676148796499,2016-04-28
5553957443,2016-04-29,1,450,495,70.0,0.9090909090909091,27.272727272727273,97.27272727272728,2016-04-29
5553957443,2016-04-30,2,775,843,30.833333333333336,0.9193357058125742,27.580071174377224,58.41340450771056,2016-04-30
5553957443,2016-05-01,2,622,686,56.33333333333333,0.9067055393586005,27.201166180758015,83.53449951409135,2016-05-01
5553957443,2016-05-02,1,409,471,68.16666666666667,0.8683651804670913,26.05095541401274,94.2176220806794,2016-05-02
5553957443,2016-05-03,1,380,429,63.333333333333336,0.8857808857808858,26.573426573426573,89.9067599067599,2016-05-03
5553957443,2016-05-04,1,447,470,70.0,0.951063829787234,28.53191489361702,98.53191489361703,2016-05-04
5553957443,2016-05-05,1,419,464,69.83333333333333,0.9030172413793104,27.090517241379313,96.92385057471265,2016-05-05
5553957443,2016-05-06,1,400,434,66.66666666666666,0.9216589861751152,27.649769585253456,94.31643625192011,2016-05-06
5553957443,2016-05-07,1,442,470,70.0,0.9404255319148936,28.21276595744681,98.2127659574468,2016-05-07
5553957443,2016-05-08,1,568,608,65.33333333333333,0.9342105263157895,28.026315789473685,93.35964912280701,2016-05-08
5553957443,2016-05-09,1,453,494,70.0,0.917004048582996,27.51012145748988,97.51012145748987,2016-05-09
5553957443,2016-05-10,1,418,443,69.66666666666667,0.9435665914221218,28.306997742663654,97.97366440933033,2016-05-10
5553957443,2016-05-11,1,463,486,70.0,0.9526748971193416,28.580246913580247,98.58024691358025,2016-05-11
5553957443,2016-05-12,1,438,475,70.0,0.9221052631578948,27.66315789473684,97.66315789473684,2016-05-12
5577150313,2016-04-12,1,419,438,69.83333333333333,0.95662100456621,28.6986301369863,98.53196347031962,2016-04-12
5577150313,2016-04-13,1,432,458,70.0,0.9432314410480349,28.29694323144105,98.29694323144105,2016-04-13
5577150313,2016-04-14,1,477,497,70.0,0.959758551307847,28.792756539235413,98.79275653923541,2016-04-14
5577150313,2016-04-15,1,392,413,65.33333333333333,0.9491525423728814,28.474576271186443,93.80790960451978,2016-04-15
5577150313,2016-04-16,1,406,445,67.66666666666667,0.9123595505617977,27.370786516853933,95.0374531835206,2016-04-16
5577150313,2016-04-17,1,549,583,68.5,0.9416809605488851,28.250428816466552,96.75042881646655,2016-04-17
5577150313,2016-04-18,1,527,553,70.0,0.9529837251356239,28.589511754068717,98.58951175406872,2016-04-18
5577150313,2016-04-19,1,449,465,70.0,0.9655913978494624,28.967741935483872,98.96774193548387,2016-04-19
5577150313,2016-04-20,1,447,480,70.0,0.93125,27.9375,97.9375,2016-04-20
5577150313,2016-04-21,1,414,437,69.0,0.9473684210526315,28.421052631578945,97.42105263157895,2016-04-21
5577150313,2016-04-22,1,338,366,56.333333333333336,0.9234972677595629,27.704918032786885,84.03825136612022,2016-04-22
5577150313,2016-04-23,1,384,402,64.0,0.9552238805970149,28.65671641791045,92.65671641791045,2016-04-23
5577150313,2016-04-24,1,543,615,69.5,0.8829268292682927,26.48780487804878,95.98780487804878,2016-04-24
5577150313,2016-04-25,1,421,461,70.0,0.913232104121475,27.39696312364425,97.39696312364426,2016-04-25
5577150313,2016-04-26,1,354,377,59.0,0.9389920424403183,28.16976127320955,87.16976127320955,2016-04-26
5577150313,2016-04-27,1,424,452,70.0,0.9380530973451328,28.141592920353983,98.14159292035399,2016-04-27
5577150313,2016-04-28,1,361,372,60.16666666666667,0.9704301075268817,29.112903225806452,89.27956989247312,2016-04-28
5577150313,2016-04-29,1,459,485,70.0,0.9463917525773196,28.391752577319586,98.39175257731958,2016-04-29
5577150313,2016-04-30,1,412,433,68.66666666666666,0.9515011547344111,28.545034642032334,97.21170130869899,2016-04-30
5577150313,2016-05-01,1,379,398,63.166666666666664,0.9522613065326633,28.5678391959799,91.73450586264656,2016-05-01
5577150313,2016-05-02,2,525,553,70.0,0.9493670886075949,28.481012658227847,98.48101265822785,2016-05-02
5577150313,2016-05-03,1,508,543,70.0,0.9355432780847146,28.066298342541437,98.06629834254144,2016-05-03
5577150313,2016-05-04,1,603,634,59.5,0.9511041009463722,28.533123028391167,88.03312302839117,2016-05-04
5577150313,2016-05-05,1,74,78,12.333333333333334,0.9487179487179487,28.46153846153846,40.794871794871796,2016-05-05
5577150313,2016-05-10,1,504,562,70.0,0.896797153024911,26.90391459074733,96.90391459074733,2016-05-10
5577150313,2016-05-11,1,431,476,70.0,0.9054621848739496,27.16386554621849,97.16386554621849,2016-05-11
6117666160,2016-04-16,1,380,398,63.333333333333336,0.9547738693467337,28.64321608040201,91.97654941373534,2016-04-16
6117666160,2016-04-17,2,336,350,56.0,0.96,28.799999999999997,84.8,2016-04-17
6117666160,2016-04-18,2,493,510,70.0,0.9666666666666667,29.0,99.0,2016-04-18
6117666160,2016-04-19,1,465,492,70.0,0.9451219512195121,28.353658536585364,98.35365853658536,2016-04-19
6117666160,2016-04-20,1,474,502,70.0,0.9442231075697212,28.326693227091635,98.32669322709164,2016-04-20
6117666160,2016-04-21,1,508,550,70.0,0.9236363636363636,27.709090909090907,97.7090909090909,2016-04-21
6117666160,2016-04-22,1,480,546,70.0,0.8791208791208791,26.373626373626372,96.37362637362637,2016-04-22
6117666160,2016-04-23,1,492,539,70.0,0.9128014842300557,27.384044526901672,97.38404452690168,2016-04-23
6117666160,2016-04-24,1,353,367,58.833333333333336,0.9618528610354223,28.85558583106267,87.688919164396,2016-04-24
6117666160,2016-04-27,1,542,557,69.66666666666667,0.9730700179533214,29.19210053859964,98.8587672052663,2016-04-27
6117666160,2016-04-28,1,393,416,65.5,0.9447115384615384,28.341346153846153,93.84134615384616,2016-04-28
6117666160,2016-04-29,1,600,636,60.0,0.9433962264150944,28.30188679245283,88.30188679245283,2016-04-29
6117666160,2016-05-01,1,507,575,70.0,0.8817391304347826,26.452173913043477,96.45217391304348,2016-05-01
6117666160,2016-05-05,1,392,415,65.33333333333333,0.944578313253012,28.33734939759036,93.67068273092369,2016-05-05
6117666160,2016-05-06,2,658,698,50.333333333333336,0.9426934097421203,28.280802292263612,78.61413562559694,2016-05-06
6117666160,2016-05-07,2,498,507,70.0,0.9822485207100592,29.467455621301777,99.46745562130178,2016-05-07
6117666160,2016-05-08,1,555,603,67.5,0.9203980099502488,27.611940298507463,95.11194029850746,2016-05-08
6117666160,2016-05-09,1,492,522,70.0,0.9425287356321839,28.275862068965516,98.27586206896552,2016-05-09
6775888955,2016-04-13,1,235,260,39.166666666666664,0.9038461538461539,27.115384615384617,66.28205128205128,2016-04-13
6775888955,2016-04-14,1,423,441,70.0,0.9591836734693877,28.77551020408163,98.77551020408163,2016-04-14
6775888955,2016-04-15,1,391,406,65.16666666666667,0.9630541871921182,28.891625615763548,94.05829228243022,2016-04-15
6962181067,2016-04-12,1,366,387,61.0,0.9457364341085271,28.372093023255815,89.37209302325581,2016-04-12
6962181067,2016-04-13,3,630,679,55.0,0.9278350515463918,27.835051546391753,82.83505154639175,2016-04-13
6962181067,2016-04-14,2,508,535,70.0,0.9495327102803738,28.485981308411212,98.48598130841121,2016-04-14
6962181067,2016-04-15,1,370,386,61.666666666666664,0.9585492227979274,28.756476683937823,90.42314335060449,2016-04-15
6962181067,2016-04-16,1,357,366,59.5,0.9754098360655737,29.262295081967213,88.76229508196721,2016-04-16
6962181067,2016-04-17,1,427,446,70.0,0.9573991031390134,28.7219730941704,98.72197309417041,2016-04-17
6962181067,2016-04-18,1,442,458,70.0,0.9650655021834061,28.951965065502183,98.95196506550218,2016-04-18
6962181067,2016-04-19,1,476,535,70.0,0.8897196261682243,26.69158878504673,96.69158878504673,2016-04-19
6962181067,2016-04-20,1,418,424,69.66666666666667,0.9858490566037735,29.575471698113205,99.24213836477988,2016-04-20
6962181067,2016-04-21,1,451,457,70.0,0.986870897155361,29.60612691466083,99.60612691466083,2016-04-21
6962181067,2016-04-22,1,425,435,70.0,0.9770114942528736,29.310344827586206,99.3103448275862,2016-04-22
6962181067,2016-04-23,1,528,546,70.0,0.967032967032967,29.01098901098901,99.01098901098901,2016-04-23
6962181067,2016-04-24,1,511,514,70.0,0.9941634241245136,29.82490272373541,99.8249027237354,2016-04-24
6962181067,2016-04-25,1,400,415,66.66666666666666,0.963855421686747,28.91566265060241,95.58232931726907,2016-04-25
6962181067,2016-04-26,1,441,446,70.0,0.9887892376681614,29.663677130044842,99.66367713004485,2016-04-26
6962181067,2016-04-27,1,455,467,70.0,0.974304068522484,29.22912205567452,99.22912205567452,2016-04-27
6962181067,2016-04-28,1,440,453,70.0,0.9713024282560706,29.13907284768212,99.13907284768212,2016-04-28
6962181067,2016-04-29,1,433,447,70.0,0.9686800894854586,29.06040268456376,99.06040268456375,2016-04-29
6962181067,2016-04-30,1,422,424,70.0,0.9952830188679245,29.858490566037734,99.85849056603773,2016-04-30
6962181067,2016-05-01,1,411,426,68.5,0.9647887323943662,28.943661971830988,97.44366197183099,2016-05-01
6962181067,2016-05-02,1,466,482,70.0,0.966804979253112,29.00414937759336,99.00414937759336,2016-05-02
6962181067,2016-05-03,1,394,418,65.66666666666667,0.9425837320574163,28.27751196172249,93.94417862838915,2016-05-03
6962181067,2016-05-04,1,442,455,70.0,0.9714285714285714,29.142857142857142,99.14285714285714,2016-05-04
6962181067,2016-05-05,1,467,491,70.0,0.9511201629327902,28.533604887983707,98.5336048879837,2016-05-05
6962181067,2016-05-06,1,443,462,70.0,0.9588744588744589,28.766233766233768,98.76623376623377,2016-05-06
6962181067,2016-05-07,1,298,334,49.66666666666667,0.8922155688622755,26.766467065868266,76.43313373253494,2016-05-07
6962181067,2016-05-08,1,541,569,69.83333333333333,0.9507908611599297,28.52372583479789,98.35705916813122,2016-05-08
6962181067,2016-05-09,1,489,497,70.0,0.9839034205231388,29.517102615694164,99.51710261569417,2016-05-09
6962181067,2016-05-10,1,469,481,70.0,0.975051975051975,29.25155925155925,99.25155925155926,2016-05-10
6962181067,2016-05-11,1,452,480,70.0,0.9416666666666667,28.25,98.25,2016-05-11
6962181067,2016-05-12,1,516,535,70.0,0.9644859813084112,28.93457943925234,98.93457943925233,2016-05-12
7007744171,2016-04-16,1,79,82,13.166666666666666,0.9634146341463414,28.902439024390244,42.06910569105691,2016-04-16
7007744171,2016-05-01,1,58,61,9.666666666666668,0.9508196721311475,28.524590163934423,38.19125683060109,2016-05-01
7086361926,2016-04-12,1,514,525,70.0,0.979047619047619,29.37142857142857,99.37142857142857,2016-04-12
7086361926,2016-04-13,1,451,465,70.0,0.9698924731182795,29.096774193548384,99.09677419354838,2016-04-13
7086361926,2016-04-14,1,472,476,70.0,0.9915966386554622,29.747899159663866,99.74789915966386,2016-04-14
7086361926,2016-04-15,1,377,386,62.833333333333336,0.9766839378238342,29.300518134715027,92.13385146804836,2016-04-15
7086361926,2016-04-19,1,472,483,70.0,0.9772256728778468,29.316770186335404,99.3167701863354,2016-04-19
7086361926,2016-04-20,1,492,502,70.0,0.9800796812749004,29.40239043824701,99.40239043824701,2016-04-20
7086361926,2016-04-21,1,390,411,65.0,0.948905109489051,28.467153284671532,93.46715328467153,2016-04-21
7086361926,2016-04-22,1,428,448,70.0,0.9553571428571429,28.66071428571429,98.66071428571429,2016-04-22
7086361926,2016-04-24,1,681,704,46.5,0.9673295454545454,29.019886363636363,75.51988636363636,2016-04-24
7086361926,2016-04-25,1,446,447,70.0,0.9977628635346756,29.93288590604027,99.93288590604027,2016-04-25
7086361926,2016-04-26,1,485,500,70.0,0.97,29.099999999999998,99.1,2016-04-26
7086361926,2016-04-27,1,469,479,70.0,0.9791231732776617,29.37369519832985,99.37369519832986,2016-04-27
7086361926,2016-04-28,1,354,367,59.0,0.9645776566757494,28.937329700272482,87.93732970027249,2016-04-28
7086361926,2016-04-30,1,485,489,70.0,0.9918200408997955,29.754601226993863,99.75460122699386,2016-04-30
7086361926,2016-05-01,1,388,407,64.66666666666667,0.9533169533169533,28.5995085995086,93.26617526617527,2016-05-01
7086361926,2016-05-02,1,440,459,70.0,0.9586056644880174,28.758169934640524,98.75816993464052,2016-05-02
7086361926,2016-05-03,1,456,461,70.0,0.9891540130151844,29.67462039045553,99.67462039045553,2016-05-03
7086361926,2016-05-04,1,420,436,70.0,0.963302752293578,28.89908256880734,98.89908256880734,2016-05-04
7086361926,2016-05-06,1,322,333,53.66666666666667,0.9669669669669669,29.00900900900901,82.67567567567568,2016-05-06
7086361926,2016-05-07,1,530,548,70.0,0.9671532846715328,29.014598540145986,99.01459854014598,2016-05-07
7086361926,2016-05-08,1,481,510,70.0,0.9431372549019608,28.294117647058822,98.29411764705883,2016-05-08
7086361926,2016-05-09,1,427,438,70.0,0.9748858447488584,29.246575342465754,99.24657534246575,2016-05-09
7086361926,2016-05-11,1,451,463,70.0,0.9740820734341252,29.222462203023756,99.22246220302375,2016-05-11
7086361926,2016-05-12,1,444,457,70.0,0.9715536105032823,29.14660831509847,99.14660831509846,2016-05-12
8053475328,2016-04-20,1,486,493,70.0,0.9858012170385395,29.574036511156187,99.57403651115618,2016-04-20
8053475328,2016-04-23,1,331,337,55.166666666666664,0.9821958456973294,29.465875370919882,84.63254203758655,2016-04-23
8053475328,2016-05-07,1,74,75,12.333333333333334,0.9866666666666667,29.6,41.93333333333334,2016-05-07
8378563200,2016-04-12,1,338,356,56.333333333333336,0.949438202247191,28.48314606741573,84.81647940074907,2016-04-12
8378563200,2016-04-13,2,447,487,70.0,0.917864476386037,27.53593429158111,97.53593429158111,2016-04-13
8378563200,2016-04-14,1,424,455,70.0,0.9318681318681319,27.956043956043956,97.95604395604396,2016-04-14
8378563200,2016-04-15,1,513,533,70.0,0.9624765478424016,28.874296435272047,98.87429643527204,2016-04-15
8378563200,2016-04-16,2,611,689,58.166666666666664,0.8867924528301887,26.60377358490566,84.77044025157232,2016-04-16
8378563200,2016-04-17,2,525,591,70.0,0.8883248730964467,26.6497461928934,96.6497461928934,2016-04-17
8378563200,2016-04-18,1,398,451,66.33333333333333,0.8824833702882483,26.47450110864745,92.80783444198077,2016-04-18
8378563200,2016-04-19,1,387,421,64.5,0.9192399049881235,27.577197149643705,92.07719714964371,2016-04-19
8378563200,2016-04-20,1,381,409,63.5,0.9315403422982885,27.946210268948654,91.44621026894865,2016-04-20
8378563200,2016-04-21,1,396,417,66.0,0.9496402877697842,28.489208633093526,94.48920863309353,2016-04-21
8378563200,2016-04-22,1,441,469,70.0,0.9402985074626866,28.208955223880597,98.2089552238806,2016-04-22
8378563200,2016-04-23,1,565,591,65.83333333333333,0.9560067681895094,28.680203045685282,94.5135363790186,2016-04-23
8378563200,2016-04-24,1,458,492,70.0,0.9308943089430894,27.926829268292682,97.92682926829268,2016-04-24
8378563200,2016-04-25,1,388,402,64.66666666666667,0.9651741293532339,28.955223880597018,93.62189054726369,2016-04-25
8378563200,2016-04-26,1,550,584,68.33333333333333,0.9417808219178082,28.253424657534246,96.58675799086757,2016-04-26
8378563200,2016-04-27,1,531,600,70.0,0.885,26.55,96.55,2016-04-27
8378563200,2016-04-28,1,506,556,70.0,0.9100719424460432,27.302158273381295,97.3021582733813,2016-04-28
8378563200,2016-04-29,1,527,562,70.0,0.9377224199288257,28.13167259786477,98.13167259786476,2016-04-29
8378563200,2016-04-30,1,468,555,70.0,0.8432432432432433,25.2972972972973,95.29729729729729,2016-04-30
8378563200,2016-05-01,1,475,539,70.0,0.8812615955473099,26.437847866419297,96.4378478664193,2016-05-01
8378563200,2016-05-02,1,351,385,58.5,0.9116883116883117,27.35064935064935,85.85064935064935,2016-05-02
8378563200,2016-05-03,1,405,429,67.5,0.9440559440559441,28.321678321678323,95.82167832167832,2016-05-03
8378563200,2016-05-04,1,441,477,70.0,0.9245283018867925,27.735849056603776,97.73584905660377,2016-05-04
8378563200,2016-05-05,1,381,417,63.5,0.9136690647482014,27.41007194244604,90.91007194244604,2016-05-05
8378563200,2016-05-06,1,323,355,53.833333333333336,0.9098591549295775,27.295774647887324,81.12910798122066,2016-05-06
8378563200,2016-05-07,2,459,513,70.0,0.8947368421052632,26.842105263157894,96.84210526315789,2016-05-07
8378563200,2016-05-08,1,545,606,69.16666666666667,0.8993399339933993,26.98019801980198,96.14686468646865,2016-05-08
8378563200,2016-05-09,1,359,399,59.83333333333333,0.899749373433584,26.992481203007518,86.82581453634084,2016-05-09
8378563200,2016-05-10,1,342,391,57.0,0.8746803069053708,26.240409207161125,83.24040920716112,2016-05-10
8378563200,2016-05-11,1,368,387,61.333333333333336,0.9509043927648578,28.527131782945734,89.86046511627907,2016-05-11
8378563200,2016-05-12,1,496,546,70.0,0.9084249084249084,27.252747252747252,97.25274725274726,2016-05-12
8792009665,2016-04-12,1,458,493,70.0,0.9290060851926978,27.870182555780932,97.87018255578093,2016-04-12
8792009665,2016-04-13,1,531,552,70.0,0.9619565217391305,28.858695652173914,98.8586956521739,2016-04-13
8792009665,2016-04-14,1,486,503,70.0,0.9662027833001988,28.986083499005964,98.98608349900596,2016-04-14
8792009665,2016-04-15,1,363,377,60.5,0.9628647214854111,28.885941644562333,89.38594164456234,2016-04-15
8792009665,2016-04-20,1,528,547,70.0,0.9652650822669104,28.957952468007313,98.9579524680073,2016-04-20
8792009665,2016-04-22,1,391,407,65.16666666666667,0.9606879606879607,28.82063882063882,93.98730548730549,2016-04-22
8792009665,2016-04-23,1,339,360,56.5,0.9416666666666667,28.25,84.75,2016-04-23
8792009665,2016-04-27,1,423,428,70.0,0.9883177570093458,29.649532710280372,99.64953271028037,2016-04-27
8792009665,2016-04-28,1,402,416,67.0,0.9663461538461539,28.990384615384617,95.99038461538461,2016-04-28
8792009665,2016-04-29,1,398,406,66.33333333333333,0.9802955665024631,29.408866995073893,95.74220032840722,2016-04-29
8792009665,2016-04-30,1,343,360,57.166666666666664,0.9527777777777777,28.583333333333332,85.75,2016-04-30
8792009665,2016-05-01,1,503,527,70.0,0.9544592030360531,28.633776091081593,98.63377609108159,2016-05-01
8792009665,2016-05-02,1,415,423,69.16666666666667,0.9810874704491725,29.43262411347518,98.59929078014184,2016-05-02
8792009665,2016-05-03,1,516,545,70.0,0.9467889908256881,28.403669724770644,98.40366972477065,2016-05-03
8792009665,2016-05-04,1,439,463,70.0,0.9481641468682506,28.444924406047516,98.44492440604752,2016-05-04
